X_train_path,y_train_path,best_algorithm,best_r2_score,algorithm_rankings
data\bike_sharing_demand\1\X_train.parquet,data\bike_sharing_demand\1\y_train.parquet,HistGradientBoostingRegressor,0.919269428,"{
  ""HistGradientBoostingRegressor"": {
    ""rank"": 1,
    ""r2_score"": 0.9192694278957395,
    ""rmse"": 50.958448110088106
  },
  ""LGBMRegressor"": {
    ""rank"": 2,
    ""r2_score"": 0.9190451459520826,
    ""rmse"": 51.02918421771158
  },
  ""XGBRegressor"": {
    ""rank"": 3,
    ""r2_score"": 0.9090433120727539,
    ""rmse"": 54.08969465951324
  },
  ""RandomForestRegressor"": {
    ""rank"": 4,
    ""r2_score"": 0.8977204103806363,
    ""rmse"": 57.35769190557194
  },
  ""GradientBoostingRegressor"": {
    ""rank"": 5,
    ""r2_score"": 0.8308428654702114,
    ""rmse"": 73.76363977478248
  },
  ""DecisionTreeRegressor"": {
    ""rank"": 6,
    ""r2_score"": 0.8038647708699334,
    ""rmse"": 79.42824779204548
  },
  ""MLPRegressor"": {
    ""rank"": 7,
    ""r2_score"": 0.6058362933334698,
    ""rmse"": 112.59924930550513
  },
  ""BayesianRidge"": {
    ""rank"": 8,
    ""r2_score"": 0.38764847422471194,
    ""rmse"": 140.34520543844073
  },
  ""LinearRegression"": {
    ""rank"": 9,
    ""r2_score"": 0.3876422745284106,
    ""rmse"": 140.34591589265872
  },
  ""SVR"": {
    ""rank"": 10,
    ""r2_score"": 0.30072834238205404,
    ""rmse"": 149.97543886848877
  }
}"
data\bike_sharing_demand\2\X_train.parquet,data\bike_sharing_demand\2\y_train.parquet,HistGradientBoostingRegressor,0.938766637,"{
  ""HistGradientBoostingRegressor"": {
    ""rank"": 1,
    ""r2_score"": 0.9387666373398219,
    ""rmse"": 41.786668432939976
  },
  ""LGBMRegressor"": {
    ""rank"": 2,
    ""r2_score"": 0.9383519753073573,
    ""rmse"": 41.9279158555071
  },
  ""XGBRegressor"": {
    ""rank"": 3,
    ""r2_score"": 0.9290735721588135,
    ""rmse"": 44.97257736492039
  },
  ""RandomForestRegressor"": {
    ""rank"": 4,
    ""r2_score"": 0.9247443999174478,
    ""rmse"": 46.324752093050584
  },
  ""DecisionTreeRegressor"": {
    ""rank"": 5,
    ""r2_score"": 0.8641148953310944,
    ""rmse"": 62.24860437634782
  },
  ""GradientBoostingRegressor"": {
    ""rank"": 6,
    ""r2_score"": 0.8257475182441981,
    ""rmse"": 70.49091994550409
  },
  ""MLPRegressor"": {
    ""rank"": 7,
    ""r2_score"": 0.6167654473859886,
    ""rmse"": 104.53844157567545
  },
  ""BayesianRidge"": {
    ""rank"": 8,
    ""r2_score"": 0.3960282342386189,
    ""rmse"": 131.2357056373682
  },
  ""LinearRegression"": {
    ""rank"": 9,
    ""r2_score"": 0.39593067258057757,
    ""rmse"": 131.24630468913878
  },
  ""SVR"": {
    ""rank"": 10,
    ""r2_score"": 0.37816706192895244,
    ""rmse"": 133.16207489845203
  }
}"
data\bike_sharing_demand\3\X_train.parquet,data\bike_sharing_demand\3\y_train.parquet,LGBMRegressor,0.913284689,"{
  ""LGBMRegressor"": {
    ""rank"": 1,
    ""r2_score"": 0.913284688806606,
    ""rmse"": 52.28127723770925
  },
  ""HistGradientBoostingRegressor"": {
    ""rank"": 2,
    ""r2_score"": 0.9122513092946197,
    ""rmse"": 52.591870574120655
  },
  ""RandomForestRegressor"": {
    ""rank"": 3,
    ""r2_score"": 0.9112848518815222,
    ""rmse"": 52.88069890215621
  },
  ""XGBRegressor"": {
    ""rank"": 4,
    ""r2_score"": 0.9025921821594238,
    ""rmse"": 55.410905137916
  },
  ""GradientBoostingRegressor"": {
    ""rank"": 5,
    ""r2_score"": 0.8311325532400509,
    ""rmse"": 72.95772176445307
  },
  ""DecisionTreeRegressor"": {
    ""rank"": 6,
    ""r2_score"": 0.8232680642127177,
    ""rmse"": 74.63728146955944
  },
  ""MLPRegressor"": {
    ""rank"": 7,
    ""r2_score"": 0.6253091431426456,
    ""rmse"": 108.67629981360287
  },
  ""BayesianRidge"": {
    ""rank"": 8,
    ""r2_score"": 0.3855075265331529,
    ""rmse"": 139.17350965412663
  },
  ""LinearRegression"": {
    ""rank"": 9,
    ""r2_score"": 0.38523409291764166,
    ""rmse"": 139.2044705569579
  },
  ""SVR"": {
    ""rank"": 10,
    ""r2_score"": 0.3363860291797195,
    ""rmse"": 144.62922387792477
  }
}"
data\bike_sharing_demand\4\X_train.parquet,data\bike_sharing_demand\4\y_train.parquet,LGBMRegressor,0.95014149,"{
  ""LGBMRegressor"": {
    ""rank"": 1,
    ""r2_score"": 0.9501414902052192,
    ""rmse"": 41.31320830014929
  },
  ""HistGradientBoostingRegressor"": {
    ""rank"": 2,
    ""r2_score"": 0.9495857282461584,
    ""rmse"": 41.54282487332733
  },
  ""XGBRegressor"": {
    ""rank"": 3,
    ""r2_score"": 0.9466919898986816,
    ""rmse"": 42.7184585304614
  },
  ""RandomForestRegressor"": {
    ""rank"": 4,
    ""r2_score"": 0.9450199237107479,
    ""rmse"": 43.383236148603416
  },
  ""DecisionTreeRegressor"": {
    ""rank"": 5,
    ""r2_score"": 0.8813584824065109,
    ""rmse"": 63.72907610082671
  },
  ""GradientBoostingRegressor"": {
    ""rank"": 6,
    ""r2_score"": 0.8671451701868303,
    ""rmse"": 67.43850738342633
  },
  ""MLPRegressor"": {
    ""rank"": 7,
    ""r2_score"": 0.6495011885015509,
    ""rmse"": 109.53743086941125
  },
  ""LinearRegression"": {
    ""rank"": 8,
    ""r2_score"": 0.4180631616541627,
    ""rmse"": 141.1423034560714
  },
  ""BayesianRidge"": {
    ""rank"": 9,
    ""r2_score"": 0.4179389872364584,
    ""rmse"": 141.1573612143589
  },
  ""SVR"": {
    ""rank"": 10,
    ""r2_score"": 0.364396654850341,
    ""rmse"": 147.50690913634836
  }
}"
data\bike_sharing_demand\5\X_train.parquet,data\bike_sharing_demand\5\y_train.parquet,HistGradientBoostingRegressor,0.932690827,"{
  ""HistGradientBoostingRegressor"": {
    ""rank"": 1,
    ""r2_score"": 0.93269082695845,
    ""rmse"": 47.01765058098306
  },
  ""LGBMRegressor"": {
    ""rank"": 2,
    ""r2_score"": 0.9320192101123121,
    ""rmse"": 47.251641459956325
  },
  ""XGBRegressor"": {
    ""rank"": 3,
    ""r2_score"": 0.9281671047210693,
    ""rmse"": 48.57194295658889
  },
  ""RandomForestRegressor"": {
    ""rank"": 4,
    ""r2_score"": 0.9142892482742426,
    ""rmse"": 53.05684835272083
  },
  ""DecisionTreeRegressor"": {
    ""rank"": 5,
    ""r2_score"": 0.8453120984071121,
    ""rmse"": 71.27741990445006
  },
  ""GradientBoostingRegressor"": {
    ""rank"": 6,
    ""r2_score"": 0.8450740816060585,
    ""rmse"": 71.33223577000065
  },
  ""MLPRegressor"": {
    ""rank"": 7,
    ""r2_score"": 0.6099754306030734,
    ""rmse"": 113.18002348542444
  },
  ""BayesianRidge"": {
    ""rank"": 8,
    ""r2_score"": 0.34938187009069843,
    ""rmse"": 146.1796363658335
  },
  ""LinearRegression"": {
    ""rank"": 9,
    ""r2_score"": 0.3490928299917728,
    ""rmse"": 146.21210324849437
  },
  ""SVR"": {
    ""rank"": 10,
    ""r2_score"": 0.29058379826011616,
    ""rmse"": 152.64210554417704
  }
}"
data\bike_sharing_demand\6\X_train.parquet,data\bike_sharing_demand\6\y_train.parquet,LGBMRegressor,0.944886664,"{
  ""LGBMRegressor"": {
    ""rank"": 1,
    ""r2_score"": 0.9448866644589503,
    ""rmse"": 44.68790329622987
  },
  ""HistGradientBoostingRegressor"": {
    ""rank"": 2,
    ""r2_score"": 0.9445117123855052,
    ""rmse"": 44.83965803655268
  },
  ""XGBRegressor"": {
    ""rank"": 3,
    ""r2_score"": 0.9385383725166321,
    ""rmse"": 47.191481102757045
  },
  ""RandomForestRegressor"": {
    ""rank"": 4,
    ""r2_score"": 0.9363077076422963,
    ""rmse"": 48.04022917473605
  },
  ""DecisionTreeRegressor"": {
    ""rank"": 5,
    ""r2_score"": 0.8785015310423533,
    ""rmse"": 66.35093286126505
  },
  ""GradientBoostingRegressor"": {
    ""rank"": 6,
    ""r2_score"": 0.8340246175537204,
    ""rmse"": 77.5502977472846
  },
  ""MLPRegressor"": {
    ""rank"": 7,
    ""r2_score"": 0.5854756509984795,
    ""rmse"": 122.55658572005618
  },
  ""LinearRegression"": {
    ""rank"": 8,
    ""r2_score"": 0.37130280367085267,
    ""rmse"": 150.9323702835096
  },
  ""BayesianRidge"": {
    ""rank"": 9,
    ""r2_score"": 0.3712795475506433,
    ""rmse"": 150.93516182521472
  },
  ""SVR"": {
    ""rank"": 10,
    ""r2_score"": 0.2841794448389986,
    ""rmse"": 161.0511065740242
  }
}"
data\bike_sharing_demand\7\X_train.parquet,data\bike_sharing_demand\7\y_train.parquet,HistGradientBoostingRegressor,0.945834593,"{
  ""HistGradientBoostingRegressor"": {
    ""rank"": 1,
    ""r2_score"": 0.9458345926976105,
    ""rmse"": 43.04058642293255
  },
  ""LGBMRegressor"": {
    ""rank"": 2,
    ""r2_score"": 0.9458206921044376,
    ""rmse"": 43.046108871035415
  },
  ""XGBRegressor"": {
    ""rank"": 3,
    ""r2_score"": 0.9416953325271606,
    ""rmse"": 44.65488183479705
  },
  ""RandomForestRegressor"": {
    ""rank"": 4,
    ""r2_score"": 0.937507496175949,
    ""rmse"": 46.23077096939111
  },
  ""GradientBoostingRegressor"": {
    ""rank"": 5,
    ""r2_score"": 0.8521392289635689,
    ""rmse"": 71.11212499734583
  },
  ""DecisionTreeRegressor"": {
    ""rank"": 6,
    ""r2_score"": 0.8455127203210985,
    ""rmse"": 72.68813670325649
  },
  ""MLPRegressor"": {
    ""rank"": 7,
    ""r2_score"": 0.6450781403546312,
    ""rmse"": 110.17512387775763
  },
  ""BayesianRidge"": {
    ""rank"": 8,
    ""r2_score"": 0.44030520031839504,
    ""rmse"": 138.35434707760987
  },
  ""LinearRegression"": {
    ""rank"": 9,
    ""r2_score"": 0.4397375630857342,
    ""rmse"": 138.42448814060694
  },
  ""SVR"": {
    ""rank"": 10,
    ""r2_score"": 0.36255837072492414,
    ""rmse"": 147.65133721064933
  }
}"
data\bike_sharing_demand\8\X_train.parquet,data\bike_sharing_demand\8\y_train.parquet,LGBMRegressor,0.927899584,"{
  ""LGBMRegressor"": {
    ""rank"": 1,
    ""r2_score"": 0.9278995837433687,
    ""rmse"": 47.912030367510226
  },
  ""XGBRegressor"": {
    ""rank"": 2,
    ""r2_score"": 0.9274570941925049,
    ""rmse"": 48.058822193484936
  },
  ""HistGradientBoostingRegressor"": {
    ""rank"": 3,
    ""r2_score"": 0.9268826353316738,
    ""rmse"": 48.24873754806051
  },
  ""RandomForestRegressor"": {
    ""rank"": 4,
    ""r2_score"": 0.9231568440369124,
    ""rmse"": 49.4627531367295
  },
  ""DecisionTreeRegressor"": {
    ""rank"": 5,
    ""r2_score"": 0.8684008449102212,
    ""rmse"": 64.72949813175401
  },
  ""GradientBoostingRegressor"": {
    ""rank"": 6,
    ""r2_score"": 0.8227636695740577,
    ""rmse"": 75.11939199231077
  },
  ""MLPRegressor"": {
    ""rank"": 7,
    ""r2_score"": 0.5921842424566397,
    ""rmse"": 113.94825807929922
  },
  ""LinearRegression"": {
    ""rank"": 8,
    ""r2_score"": 0.37634433061112904,
    ""rmse"": 140.91204791186496
  },
  ""BayesianRidge"": {
    ""rank"": 9,
    ""r2_score"": 0.37623457723033704,
    ""rmse"": 140.92444649496812
  },
  ""SVR"": {
    ""rank"": 10,
    ""r2_score"": 0.31926809064033734,
    ""rmse"": 147.21895940339846
  }
}"
data\bike_sharing_demand\9\X_train.parquet,data\bike_sharing_demand\9\y_train.parquet,LGBMRegressor,0.945379868,"{
  ""LGBMRegressor"": {
    ""rank"": 1,
    ""r2_score"": 0.9453798679280174,
    ""rmse"": 43.85449130806917
  },
  ""HistGradientBoostingRegressor"": {
    ""rank"": 2,
    ""r2_score"": 0.9452427705892028,
    ""rmse"": 43.909494525665565
  },
  ""XGBRegressor"": {
    ""rank"": 3,
    ""r2_score"": 0.9417924284934998,
    ""rmse"": 45.271773184464784
  },
  ""RandomForestRegressor"": {
    ""rank"": 4,
    ""r2_score"": 0.93538583895617,
    ""rmse"": 47.698152709809236
  },
  ""DecisionTreeRegressor"": {
    ""rank"": 5,
    ""r2_score"": 0.8828731189242738,
    ""rmse"": 64.21936311164626
  },
  ""GradientBoostingRegressor"": {
    ""rank"": 6,
    ""r2_score"": 0.8358776209964816,
    ""rmse"": 76.01890447084901
  },
  ""MLPRegressor"": {
    ""rank"": 7,
    ""r2_score"": 0.6342397267021638,
    ""rmse"": 113.48434918922285
  },
  ""BayesianRidge"": {
    ""rank"": 8,
    ""r2_score"": 0.41316244376753175,
    ""rmse"": 143.74629334110242
  },
  ""LinearRegression"": {
    ""rank"": 9,
    ""r2_score"": 0.41309925905587597,
    ""rmse"": 143.7540317037322
  },
  ""SVR"": {
    ""rank"": 10,
    ""r2_score"": 0.3398794287124366,
    ""rmse"": 152.4576910708479
  }
}"
data\bike_sharing_demand\10\X_train.parquet,data\bike_sharing_demand\10\y_train.parquet,LGBMRegressor,0.935612896,"{
  ""LGBMRegressor"": {
    ""rank"": 1,
    ""r2_score"": 0.9356128961255168,
    ""rmse"": 44.44387585744654
  },
  ""HistGradientBoostingRegressor"": {
    ""rank"": 2,
    ""r2_score"": 0.9349560033142666,
    ""rmse"": 44.67001412878486
  },
  ""RandomForestRegressor"": {
    ""rank"": 3,
    ""r2_score"": 0.9322376923646384,
    ""rmse"": 45.59388232769121
  },
  ""XGBRegressor"": {
    ""rank"": 4,
    ""r2_score"": 0.9300717115402222,
    ""rmse"": 46.31685149512945
  },
  ""DecisionTreeRegressor"": {
    ""rank"": 5,
    ""r2_score"": 0.8684081973555998,
    ""rmse"": 63.53702829212563
  },
  ""GradientBoostingRegressor"": {
    ""rank"": 6,
    ""r2_score"": 0.8496931461992513,
    ""rmse"": 67.90501859626963
  },
  ""MLPRegressor"": {
    ""rank"": 7,
    ""r2_score"": 0.6195919304356057,
    ""rmse"": 108.02825000692926
  },
  ""BayesianRidge"": {
    ""rank"": 8,
    ""r2_score"": 0.39611689145536055,
    ""rmse"": 136.1096512813027
  },
  ""LinearRegression"": {
    ""rank"": 9,
    ""r2_score"": 0.3960252962576377,
    ""rmse"": 136.119973243899
  },
  ""SVR"": {
    ""rank"": 10,
    ""r2_score"": 0.3639867130482317,
    ""rmse"": 139.68364993333836
  }
}"
data\brazilian_houses\1\X_train.parquet,data\brazilian_houses\1\y_train.parquet,GradientBoostingRegressor,0.997661254,"{
  ""GradientBoostingRegressor"": {
    ""rank"": 1,
    ""r2_score"": 0.9976612540474356,
    ""rmse"": 0.0382698503262463
  },
  ""XGBRegressor"": {
    ""rank"": 2,
    ""r2_score"": 0.9937593965268036,
    ""rmse"": 0.06251417921856436
  },
  ""DecisionTreeRegressor"": {
    ""rank"": 3,
    ""r2_score"": 0.9934283516020915,
    ""rmse"": 0.06415084760258134
  },
  ""RandomForestRegressor"": {
    ""rank"": 4,
    ""r2_score"": 0.9871870865575505,
    ""rmse"": 0.08957548852274917
  },
  ""LGBMRegressor"": {
    ""rank"": 5,
    ""r2_score"": 0.9615240942388159,
    ""rmse"": 0.1552242840543984
  },
  ""HistGradientBoostingRegressor"": {
    ""rank"": 6,
    ""r2_score"": 0.9593082177831035,
    ""rmse"": 0.15963150014917546
  },
  ""SVR"": {
    ""rank"": 7,
    ""r2_score"": 0.9102459896983782,
    ""rmse"": 0.23707849981248824
  },
  ""LinearRegression"": {
    ""rank"": 8,
    ""r2_score"": 0.865921252256564,
    ""rmse"": 0.28976452285016424
  },
  ""BayesianRidge"": {
    ""rank"": 9,
    ""r2_score"": 0.8649069004534055,
    ""rmse"": 0.2908585416885962
  }
}"
data\brazilian_houses\2\X_train.parquet,data\brazilian_houses\2\y_train.parquet,GradientBoostingRegressor,0.998185059,"{
  ""GradientBoostingRegressor"": {
    ""rank"": 1,
    ""r2_score"": 0.9981850591077325,
    ""rmse"": 0.0336114720053616
  },
  ""XGBRegressor"": {
    ""rank"": 2,
    ""r2_score"": 0.9978778072723912,
    ""rmse"": 0.0363453370591277
  },
  ""RandomForestRegressor"": {
    ""rank"": 3,
    ""r2_score"": 0.9977667225070843,
    ""rmse"": 0.03728444084409016
  },
  ""LGBMRegressor"": {
    ""rank"": 4,
    ""r2_score"": 0.9973264167710656,
    ""rmse"": 0.04079464366025263
  },
  ""HistGradientBoostingRegressor"": {
    ""rank"": 5,
    ""r2_score"": 0.9970118408062283,
    ""rmse"": 0.0431278844422269
  },
  ""DecisionTreeRegressor"": {
    ""rank"": 6,
    ""r2_score"": 0.9955490465036152,
    ""rmse"": 0.052635992720734784
  },
  ""MLPRegressor"": {
    ""rank"": 7,
    ""r2_score"": 0.9698341725545221,
    ""rmse"": 0.1370294488772882
  },
  ""SVR"": {
    ""rank"": 8,
    ""r2_score"": 0.9549130696550266,
    ""rmse"": 0.1675257704415643
  },
  ""LinearRegression"": {
    ""rank"": 9,
    ""r2_score"": 0.8730594073703012,
    ""rmse"": 0.28109722000983034
  },
  ""BayesianRidge"": {
    ""rank"": 10,
    ""r2_score"": 0.87302712464484,
    ""rmse"": 0.28113296116763964
  }
}"
data\brazilian_houses\3\X_train.parquet,data\brazilian_houses\3\y_train.parquet,XGBRegressor,0.99888296,"{
  ""XGBRegressor"": {
    ""rank"": 1,
    ""r2_score"": 0.9988829603615502,
    ""rmse"": 0.026355622598988056
  },
  ""RandomForestRegressor"": {
    ""rank"": 2,
    ""r2_score"": 0.998777397848732,
    ""rmse"": 0.027572844120686175
  },
  ""HistGradientBoostingRegressor"": {
    ""rank"": 3,
    ""r2_score"": 0.9985335501942129,
    ""rmse"": 0.030197611184924505
  },
  ""LGBMRegressor"": {
    ""rank"": 4,
    ""r2_score"": 0.9985213792354486,
    ""rmse"": 0.030322666413740852
  },
  ""GradientBoostingRegressor"": {
    ""rank"": 5,
    ""r2_score"": 0.9980420509794906,
    ""rmse"": 0.03489310985039798
  },
  ""DecisionTreeRegressor"": {
    ""rank"": 6,
    ""r2_score"": 0.9957953832907434,
    ""rmse"": 0.051133108315210764
  },
  ""MLPRegressor"": {
    ""rank"": 7,
    ""r2_score"": 0.9721562628014663,
    ""rmse"": 0.13158389895684378
  },
  ""SVR"": {
    ""rank"": 8,
    ""r2_score"": 0.9479154054810158,
    ""rmse"": 0.17996731261362767
  },
  ""BayesianRidge"": {
    ""rank"": 9,
    ""r2_score"": 0.8503142439953773,
    ""rmse"": 0.30509087984013666
  },
  ""LinearRegression"": {
    ""rank"": 10,
    ""r2_score"": 0.850190308619554,
    ""rmse"": 0.30521715681661427
  }
}"
data\brazilian_houses\4\X_train.parquet,data\brazilian_houses\4\y_train.parquet,RandomForestRegressor,0.998443877,"{
  ""RandomForestRegressor"": {
    ""rank"": 1,
    ""r2_score"": 0.9984438774773307,
    ""rmse"": 0.030834243575442254
  },
  ""GradientBoostingRegressor"": {
    ""rank"": 2,
    ""r2_score"": 0.997613133474439,
    ""rmse"": 0.03818787316098144
  },
  ""DecisionTreeRegressor"": {
    ""rank"": 3,
    ""r2_score"": 0.9967166059880781,
    ""rmse"": 0.044789158751458696
  },
  ""HistGradientBoostingRegressor"": {
    ""rank"": 4,
    ""r2_score"": 0.9934756117387102,
    ""rmse"": 0.06313661636514772
  },
  ""LGBMRegressor"": {
    ""rank"": 5,
    ""r2_score"": 0.9933527356852297,
    ""rmse"": 0.06372837997104733
  },
  ""XGBRegressor"": {
    ""rank"": 6,
    ""r2_score"": 0.9799328467786159,
    ""rmse"": 0.11072719234768504
  },
  ""MLPRegressor"": {
    ""rank"": 7,
    ""r2_score"": 0.9609093101382878,
    ""rmse"": 0.15454254927443925
  },
  ""SVR"": {
    ""rank"": 8,
    ""r2_score"": 0.9541029765382382,
    ""rmse"": 0.16745713829317496
  },
  ""LinearRegression"": {
    ""rank"": 9,
    ""r2_score"": 0.8562122061915518,
    ""rmse"": 0.29639605206081127
  },
  ""BayesianRidge"": {
    ""rank"": 10,
    ""r2_score"": 0.8556474357015481,
    ""rmse"": 0.29697757461801866
  }
}"
data\brazilian_houses\5\X_train.parquet,data\brazilian_houses\5\y_train.parquet,GradientBoostingRegressor,0.985051376,"{
  ""GradientBoostingRegressor"": {
    ""rank"": 1,
    ""r2_score"": 0.9850513758392603,
    ""rmse"": 0.10131317646947945
  },
  ""XGBRegressor"": {
    ""rank"": 2,
    ""r2_score"": 0.9733765908583503,
    ""rmse"": 0.13520637018747414
  },
  ""LGBMRegressor"": {
    ""rank"": 3,
    ""r2_score"": 0.9729367020451984,
    ""rmse"": 0.13631877664513614
  },
  ""HistGradientBoostingRegressor"": {
    ""rank"": 4,
    ""r2_score"": 0.9693883983024899,
    ""rmse"": 0.1449800841350383
  },
  ""DecisionTreeRegressor"": {
    ""rank"": 5,
    ""r2_score"": 0.9681911303028806,
    ""rmse"": 0.14778809090390735
  },
  ""RandomForestRegressor"": {
    ""rank"": 6,
    ""r2_score"": 0.964657046195506,
    ""rmse"": 0.15578180875100986
  },
  ""SVR"": {
    ""rank"": 7,
    ""r2_score"": 0.8862012978791991,
    ""rmse"": 0.2795335725329671
  },
  ""MLPRegressor"": {
    ""rank"": 8,
    ""r2_score"": 0.8861953112320969,
    ""rmse"": 0.27954092519522145
  },
  ""BayesianRidge"": {
    ""rank"": 9,
    ""r2_score"": 0.8359399098912826,
    ""rmse"": 0.3356346527364419
  },
  ""LinearRegression"": {
    ""rank"": 10,
    ""r2_score"": 0.8357211924213527,
    ""rmse"": 0.3358583046674895
  }
}"
data\brazilian_houses\6\X_train.parquet,data\brazilian_houses\6\y_train.parquet,GradientBoostingRegressor,0.994713033,"{
  ""GradientBoostingRegressor"": {
    ""rank"": 1,
    ""r2_score"": 0.994713033482765,
    ""rmse"": 0.060385707951043775
  },
  ""XGBRegressor"": {
    ""rank"": 2,
    ""r2_score"": 0.9882488765841068,
    ""rmse"": 0.09002654348485976
  },
  ""DecisionTreeRegressor"": {
    ""rank"": 3,
    ""r2_score"": 0.9799704840314301,
    ""rmse"": 0.11753470169388135
  },
  ""RandomForestRegressor"": {
    ""rank"": 4,
    ""r2_score"": 0.9768579649530567,
    ""rmse"": 0.12633731877612267
  },
  ""LGBMRegressor"": {
    ""rank"": 5,
    ""r2_score"": 0.9547517669864536,
    ""rmse"": 0.17665734308506745
  },
  ""HistGradientBoostingRegressor"": {
    ""rank"": 6,
    ""r2_score"": 0.9519779824907515,
    ""rmse"": 0.1819914910369051
  },
  ""SVR"": {
    ""rank"": 7,
    ""r2_score"": 0.8761747641176074,
    ""rmse"": 0.29223717719377074
  },
  ""LinearRegression"": {
    ""rank"": 8,
    ""r2_score"": 0.8584058773487975,
    ""rmse"": 0.3125024997562611
  },
  ""BayesianRidge"": {
    ""rank"": 9,
    ""r2_score"": 0.8583592377390695,
    ""rmse"": 0.3125539630315018
  }
}"
data\brazilian_houses\7\X_train.parquet,data\brazilian_houses\7\y_train.parquet,LGBMRegressor,0.998801457,"{
  ""LGBMRegressor"": {
    ""rank"": 1,
    ""r2_score"": 0.9988014571266327,
    ""rmse"": 0.026218579970932722
  },
  ""HistGradientBoostingRegressor"": {
    ""rank"": 2,
    ""r2_score"": 0.9986255706062612,
    ""rmse"": 0.028076540627709784
  },
  ""XGBRegressor"": {
    ""rank"": 3,
    ""r2_score"": 0.9983870712769107,
    ""rmse"": 0.03041515031237585
  },
  ""GradientBoostingRegressor"": {
    ""rank"": 4,
    ""r2_score"": 0.9982476956586813,
    ""rmse"": 0.03170203547388866
  },
  ""RandomForestRegressor"": {
    ""rank"": 5,
    ""r2_score"": 0.9979966759515151,
    ""rmse"": 0.03389674383897808
  },
  ""MLPRegressor"": {
    ""rank"": 6,
    ""r2_score"": 0.9655092509419615,
    ""rmse"": 0.14064804254861876
  },
  ""SVR"": {
    ""rank"": 7,
    ""r2_score"": 0.95074049209314,
    ""rmse"": 0.16808440210151182
  },
  ""DecisionTreeRegressor"": {
    ""rank"": 8,
    ""r2_score"": 0.9403423064615082,
    ""rmse"": 0.18497609571187285
  },
  ""LinearRegression"": {
    ""rank"": 9,
    ""r2_score"": 0.8573889963695059,
    ""rmse"": 0.2859953007948152
  },
  ""BayesianRidge"": {
    ""rank"": 10,
    ""r2_score"": 0.8572212696556836,
    ""rmse"": 0.28616343282802736
  }
}"
data\brazilian_houses\8\X_train.parquet,data\brazilian_houses\8\y_train.parquet,RandomForestRegressor,0.999312181,"{
  ""RandomForestRegressor"": {
    ""rank"": 1,
    ""r2_score"": 0.9993121810944846,
    ""rmse"": 0.021316410749192403
  },
  ""XGBRegressor"": {
    ""rank"": 2,
    ""r2_score"": 0.9991731190961405,
    ""rmse"": 0.0233721414993708
  },
  ""GradientBoostingRegressor"": {
    ""rank"": 3,
    ""r2_score"": 0.9986602728842974,
    ""rmse"": 0.029749878712696756
  },
  ""DecisionTreeRegressor"": {
    ""rank"": 4,
    ""r2_score"": 0.9977054716036404,
    ""rmse"": 0.03893352662095298
  },
  ""HistGradientBoostingRegressor"": {
    ""rank"": 5,
    ""r2_score"": 0.9961266064344081,
    ""rmse"": 0.0505851263561297
  },
  ""LGBMRegressor"": {
    ""rank"": 6,
    ""r2_score"": 0.9948097823040472,
    ""rmse"": 0.05855578571243073
  },
  ""SVR"": {
    ""rank"": 7,
    ""r2_score"": 0.9551582697552405,
    ""rmse"": 0.17211479607976565
  },
  ""MLPRegressor"": {
    ""rank"": 8,
    ""r2_score"": 0.9437812529785224,
    ""rmse"": 0.19271592628227935
  },
  ""BayesianRidge"": {
    ""rank"": 9,
    ""r2_score"": 0.8588410107861582,
    ""rmse"": 0.30537346412442035
  },
  ""LinearRegression"": {
    ""rank"": 10,
    ""r2_score"": 0.8583255539684675,
    ""rmse"": 0.30593050763891666
  }
}"
data\brazilian_houses\9\X_train.parquet,data\brazilian_houses\9\y_train.parquet,GradientBoostingRegressor,0.990096581,"{
  ""GradientBoostingRegressor"": {
    ""rank"": 1,
    ""r2_score"": 0.9900965806940459,
    ""rmse"": 0.07801848435963564
  },
  ""XGBRegressor"": {
    ""rank"": 2,
    ""r2_score"": 0.9887222192199586,
    ""rmse"": 0.083256231614541
  },
  ""HistGradientBoostingRegressor"": {
    ""rank"": 3,
    ""r2_score"": 0.9849098728020839,
    ""rmse"": 0.0963055632981031
  },
  ""RandomForestRegressor"": {
    ""rank"": 4,
    ""r2_score"": 0.9834350893677303,
    ""rmse"": 0.1009019301983585
  },
  ""LGBMRegressor"": {
    ""rank"": 5,
    ""r2_score"": 0.9817832814299283,
    ""rmse"": 0.10581323691305997
  },
  ""DecisionTreeRegressor"": {
    ""rank"": 6,
    ""r2_score"": 0.9809461579986347,
    ""rmse"": 0.10821717819434269
  },
  ""SVR"": {
    ""rank"": 7,
    ""r2_score"": 0.9339025884607154,
    ""rmse"": 0.20155665936386302
  },
  ""LinearRegression"": {
    ""rank"": 8,
    ""r2_score"": 0.854587054487937,
    ""rmse"": 0.29895544056356754
  },
  ""BayesianRidge"": {
    ""rank"": 9,
    ""r2_score"": 0.8545520562724653,
    ""rmse"": 0.2989914149309354
  },
  ""MLPRegressor"": {
    ""rank"": 10,
    ""r2_score"": 0.7699837900914269,
    ""rmse"": 0.37599679851328394
  }
}"
data\brazilian_houses\10\X_train.parquet,data\brazilian_houses\10\y_train.parquet,XGBRegressor,0.998730911,"{
  ""XGBRegressor"": {
    ""rank"": 1,
    ""r2_score"": 0.9987309113979248,
    ""rmse"": 0.029076147457863216
  },
  ""GradientBoostingRegressor"": {
    ""rank"": 2,
    ""r2_score"": 0.9985182867181072,
    ""rmse"": 0.03141759795353719
  },
  ""RandomForestRegressor"": {
    ""rank"": 3,
    ""r2_score"": 0.9977579304592276,
    ""rmse"": 0.03864696823620787
  },
  ""LGBMRegressor"": {
    ""rank"": 4,
    ""r2_score"": 0.9945039573229436,
    ""rmse"": 0.0605084375973273
  },
  ""HistGradientBoostingRegressor"": {
    ""rank"": 5,
    ""r2_score"": 0.9935546241912494,
    ""rmse"": 0.06552620455245363
  },
  ""DecisionTreeRegressor"": {
    ""rank"": 6,
    ""r2_score"": 0.9926931910192603,
    ""rmse"": 0.06976775811908742
  },
  ""SVR"": {
    ""rank"": 7,
    ""r2_score"": 0.9534740380197764,
    ""rmse"": 0.1760510305295606
  },
  ""LinearRegression"": {
    ""rank"": 8,
    ""r2_score"": 0.87212175430746,
    ""rmse"": 0.29186984382900427
  },
  ""BayesianRidge"": {
    ""rank"": 9,
    ""r2_score"": 0.8719147365565376,
    ""rmse"": 0.29210599738350634
  },
  ""MLPRegressor"": {
    ""rank"": 10,
    ""r2_score"": 0.8713966414548787,
    ""rmse"": 0.29269617439811335
  }
}"
data\superconductivity\1\X_train.parquet,data\superconductivity\1\y_train.parquet,RandomForestRegressor,0.898214641,"{
  ""RandomForestRegressor"": {
    ""rank"": 1,
    ""r2_score"": 0.8982146407399803,
    ""rmse"": 10.757375351743095
  },
  ""HistGradientBoostingRegressor"": {
    ""rank"": 2,
    ""r2_score"": 0.895510822765383,
    ""rmse"": 10.899317912696697
  },
  ""LGBMRegressor"": {
    ""rank"": 3,
    ""r2_score"": 0.8949449785051167,
    ""rmse"": 10.928789814235735
  },
  ""XGBRegressor"": {
    ""rank"": 4,
    ""r2_score"": 0.8936247347233007,
    ""rmse"": 10.997247358483335
  },
  ""GradientBoostingRegressor"": {
    ""rank"": 5,
    ""r2_score"": 0.8558078507820592,
    ""rmse"": 12.80367002892283
  },
  ""MLPRegressor"": {
    ""rank"": 6,
    ""r2_score"": 0.8482654451596905,
    ""rmse"": 13.134269190258621
  },
  ""DecisionTreeRegressor"": {
    ""rank"": 7,
    ""r2_score"": 0.8182658961520787,
    ""rmse"": 14.374140397821952
  },
  ""SVR"": {
    ""rank"": 8,
    ""r2_score"": 0.7382364289821858,
    ""rmse"": 17.251158641321055
  },
  ""BayesianRidge"": {
    ""rank"": 9,
    ""r2_score"": 0.7208266733156383,
    ""rmse"": 17.815607104772194
  },
  ""LinearRegression"": {
    ""rank"": 10,
    ""r2_score"": 0.7205914778214961,
    ""rmse"": 17.82311009300078
  }
}"
data\superconductivity\2\X_train.parquet,data\superconductivity\2\y_train.parquet,RandomForestRegressor,0.90080472,"{
  ""RandomForestRegressor"": {
    ""rank"": 1,
    ""r2_score"": 0.9008047195754367,
    ""rmse"": 10.684065996510586
  },
  ""XGBRegressor"": {
    ""rank"": 2,
    ""r2_score"": 0.8969532902568496,
    ""rmse"": 10.889504582310108
  },
  ""HistGradientBoostingRegressor"": {
    ""rank"": 3,
    ""r2_score"": 0.8921830172203418,
    ""rmse"": 11.138703517039467
  },
  ""LGBMRegressor"": {
    ""rank"": 4,
    ""r2_score"": 0.8918350729692893,
    ""rmse"": 11.156662311378263
  },
  ""GradientBoostingRegressor"": {
    ""rank"": 5,
    ""r2_score"": 0.8605579821543068,
    ""rmse"": 12.667411729193574
  },
  ""MLPRegressor"": {
    ""rank"": 6,
    ""r2_score"": 0.852308893836159,
    ""rmse"": 13.03671672699667
  },
  ""DecisionTreeRegressor"": {
    ""rank"": 7,
    ""r2_score"": 0.8422481704949325,
    ""rmse"": 13.473432768041302
  },
  ""SVR"": {
    ""rank"": 8,
    ""r2_score"": 0.7401883659563504,
    ""rmse"": 17.291009701037105
  },
  ""BayesianRidge"": {
    ""rank"": 9,
    ""r2_score"": 0.7382040462263557,
    ""rmse"": 17.356914425014498
  },
  ""LinearRegression"": {
    ""rank"": 10,
    ""r2_score"": 0.7375575175806618,
    ""rmse"": 17.378333439482365
  }
}"
data\superconductivity\3\X_train.parquet,data\superconductivity\3\y_train.parquet,XGBRegressor,0.913020407,"{
  ""XGBRegressor"": {
    ""rank"": 1,
    ""r2_score"": 0.9130204072067507,
    ""rmse"": 9.934312855194548
  },
  ""RandomForestRegressor"": {
    ""rank"": 2,
    ""r2_score"": 0.9129706383467652,
    ""rmse"": 9.937154606371008
  },
  ""HistGradientBoostingRegressor"": {
    ""rank"": 3,
    ""r2_score"": 0.9033204318465291,
    ""rmse"": 10.473612421692327
  },
  ""LGBMRegressor"": {
    ""rank"": 4,
    ""r2_score"": 0.9017579025522913,
    ""rmse"": 10.557910126433988
  },
  ""GradientBoostingRegressor"": {
    ""rank"": 5,
    ""r2_score"": 0.853017188280667,
    ""rmse"": 12.914048802352317
  },
  ""MLPRegressor"": {
    ""rank"": 6,
    ""r2_score"": 0.8501737789123663,
    ""rmse"": 13.038362780774069
  },
  ""DecisionTreeRegressor"": {
    ""rank"": 7,
    ""r2_score"": 0.8269735979265346,
    ""rmse"": 14.011522751768052
  },
  ""SVR"": {
    ""rank"": 8,
    ""r2_score"": 0.7363252110920304,
    ""rmse"": 17.296707899787485
  },
  ""LinearRegression"": {
    ""rank"": 9,
    ""r2_score"": 0.7296479302456316,
    ""rmse"": 17.514348908769765
  },
  ""BayesianRidge"": {
    ""rank"": 10,
    ""r2_score"": 0.7276273485303368,
    ""rmse"": 17.5796772331381
  }
}"
data\superconductivity\4\X_train.parquet,data\superconductivity\4\y_train.parquet,RandomForestRegressor,0.905296642,"{
  ""RandomForestRegressor"": {
    ""rank"": 1,
    ""r2_score"": 0.9052966417545694,
    ""rmse"": 10.576519432363998
  },
  ""HistGradientBoostingRegressor"": {
    ""rank"": 2,
    ""r2_score"": 0.9000398904113239,
    ""rmse"": 10.866093648207752
  },
  ""LGBMRegressor"": {
    ""rank"": 3,
    ""r2_score"": 0.8991823541865974,
    ""rmse"": 10.912603049813306
  },
  ""XGBRegressor"": {
    ""rank"": 4,
    ""r2_score"": 0.8938569817335706,
    ""rmse"": 11.197106225938729
  },
  ""GradientBoostingRegressor"": {
    ""rank"": 5,
    ""r2_score"": 0.859884379987392,
    ""rmse"": 12.864809460206835
  },
  ""MLPRegressor"": {
    ""rank"": 6,
    ""r2_score"": 0.8533520276719588,
    ""rmse"": 13.16127952834908
  },
  ""DecisionTreeRegressor"": {
    ""rank"": 7,
    ""r2_score"": 0.8322129982234718,
    ""rmse"": 14.0779441729749
  },
  ""LinearRegression"": {
    ""rank"": 8,
    ""r2_score"": 0.7432909905097591,
    ""rmse"": 17.413282162847317
  },
  ""BayesianRidge"": {
    ""rank"": 9,
    ""r2_score"": 0.7421387192510663,
    ""rmse"": 17.452319279431983
  },
  ""SVR"": {
    ""rank"": 10,
    ""r2_score"": 0.7277120300700346,
    ""rmse"": 17.93388203941007
  }
}"
data\superconductivity\5\X_train.parquet,data\superconductivity\5\y_train.parquet,XGBRegressor,0.889286064,"{
  ""XGBRegressor"": {
    ""rank"": 1,
    ""r2_score"": 0.8892860643303937,
    ""rmse"": 11.13188757006174
  },
  ""RandomForestRegressor"": {
    ""rank"": 2,
    ""r2_score"": 0.8824834287439979,
    ""rmse"": 11.468780015527472
  },
  ""LGBMRegressor"": {
    ""rank"": 3,
    ""r2_score"": 0.8817612617477533,
    ""rmse"": 11.503965219572345
  },
  ""HistGradientBoostingRegressor"": {
    ""rank"": 4,
    ""r2_score"": 0.8795231664721254,
    ""rmse"": 11.612331866728582
  },
  ""GradientBoostingRegressor"": {
    ""rank"": 5,
    ""r2_score"": 0.8371593450036552,
    ""rmse"": 13.500476182293632
  },
  ""MLPRegressor"": {
    ""rank"": 6,
    ""r2_score"": 0.823516312320203,
    ""rmse"": 14.054647304880527
  },
  ""DecisionTreeRegressor"": {
    ""rank"": 7,
    ""r2_score"": 0.7958868297905035,
    ""rmse"": 15.114827000007176
  },
  ""SVR"": {
    ""rank"": 8,
    ""r2_score"": 0.7043876681657248,
    ""rmse"": 18.18984256926791
  },
  ""LinearRegression"": {
    ""rank"": 9,
    ""r2_score"": 0.6871124798819169,
    ""rmse"": 18.713791534819933
  },
  ""BayesianRidge"": {
    ""rank"": 10,
    ""r2_score"": 0.6855571584674564,
    ""rmse"": 18.76024573645161
  }
}"
data\superconductivity\6\X_train.parquet,data\superconductivity\6\y_train.parquet,RandomForestRegressor,0.905434101,"{
  ""RandomForestRegressor"": {
    ""rank"": 1,
    ""r2_score"": 0.9054341011210046,
    ""rmse"": 10.25315433674785
  },
  ""HistGradientBoostingRegressor"": {
    ""rank"": 2,
    ""r2_score"": 0.9020957445752443,
    ""rmse"": 10.432562654661249
  },
  ""XGBRegressor"": {
    ""rank"": 3,
    ""r2_score"": 0.8981331262215332,
    ""rmse"": 10.641594505811694
  },
  ""LGBMRegressor"": {
    ""rank"": 4,
    ""r2_score"": 0.8971367313363962,
    ""rmse"": 10.693512403755465
  },
  ""GradientBoostingRegressor"": {
    ""rank"": 5,
    ""r2_score"": 0.8551968647334618,
    ""rmse"": 12.68759186561975
  },
  ""MLPRegressor"": {
    ""rank"": 6,
    ""r2_score"": 0.8456959434153895,
    ""rmse"": 13.09721295432719
  },
  ""DecisionTreeRegressor"": {
    ""rank"": 7,
    ""r2_score"": 0.8351628167163685,
    ""rmse"": 13.536856014873916
  },
  ""SVR"": {
    ""rank"": 8,
    ""r2_score"": 0.7347289607985406,
    ""rmse"": 17.172563720759637
  },
  ""LinearRegression"": {
    ""rank"": 9,
    ""r2_score"": 0.7294656089063698,
    ""rmse"": 17.34209088961287
  },
  ""BayesianRidge"": {
    ""rank"": 10,
    ""r2_score"": 0.7292399143959483,
    ""rmse"": 17.349323239475147
  }
}"
data\superconductivity\7\X_train.parquet,data\superconductivity\7\y_train.parquet,RandomForestRegressor,0.913095263,"{
  ""RandomForestRegressor"": {
    ""rank"": 1,
    ""r2_score"": 0.9130952634689571,
    ""rmse"": 10.425447137353054
  },
  ""XGBRegressor"": {
    ""rank"": 2,
    ""r2_score"": 0.908547310882202,
    ""rmse"": 10.694764036811831
  },
  ""LGBMRegressor"": {
    ""rank"": 3,
    ""r2_score"": 0.9070920341006616,
    ""rmse"": 10.77952050100921
  },
  ""HistGradientBoostingRegressor"": {
    ""rank"": 4,
    ""r2_score"": 0.9050860423000433,
    ""rmse"": 10.89527028073351
  },
  ""GradientBoostingRegressor"": {
    ""rank"": 5,
    ""r2_score"": 0.8719034699420822,
    ""rmse"": 12.657316784056121
  },
  ""MLPRegressor"": {
    ""rank"": 6,
    ""r2_score"": 0.8630074760786325,
    ""rmse"": 13.08945005832906
  },
  ""DecisionTreeRegressor"": {
    ""rank"": 7,
    ""r2_score"": 0.8432980989601757,
    ""rmse"": 13.999421817038142
  },
  ""SVR"": {
    ""rank"": 8,
    ""r2_score"": 0.744930133988858,
    ""rmse"": 17.860867303079992
  },
  ""LinearRegression"": {
    ""rank"": 9,
    ""r2_score"": 0.7347810181428588,
    ""rmse"": 18.2127391981065
  },
  ""BayesianRidge"": {
    ""rank"": 10,
    ""r2_score"": 0.7335563621678169,
    ""rmse"": 18.254739682522946
  }
}"
data\superconductivity\8\X_train.parquet,data\superconductivity\8\y_train.parquet,RandomForestRegressor,0.914947273,"{
  ""RandomForestRegressor"": {
    ""rank"": 1,
    ""r2_score"": 0.9149472728219372,
    ""rmse"": 9.817104489944036
  },
  ""XGBRegressor"": {
    ""rank"": 2,
    ""r2_score"": 0.9112562770439111,
    ""rmse"": 10.02785657531402
  },
  ""LGBMRegressor"": {
    ""rank"": 3,
    ""r2_score"": 0.9092711526610773,
    ""rmse"": 10.139393744585925
  },
  ""HistGradientBoostingRegressor"": {
    ""rank"": 4,
    ""r2_score"": 0.9080458789336165,
    ""rmse"": 10.207629315173659
  },
  ""DecisionTreeRegressor"": {
    ""rank"": 5,
    ""r2_score"": 0.8635474369924717,
    ""rmse"": 12.434551930906741
  },
  ""GradientBoostingRegressor"": {
    ""rank"": 6,
    ""r2_score"": 0.8585544114534678,
    ""rmse"": 12.660008440452113
  },
  ""MLPRegressor"": {
    ""rank"": 7,
    ""r2_score"": 0.8564676296760907,
    ""rmse"": 12.753054632607931
  },
  ""SVR"": {
    ""rank"": 8,
    ""r2_score"": 0.7588991969404414,
    ""rmse"": 16.528697068118607
  },
  ""LinearRegression"": {
    ""rank"": 9,
    ""r2_score"": 0.7430885092161197,
    ""rmse"": 17.06204394932017
  },
  ""BayesianRidge"": {
    ""rank"": 10,
    ""r2_score"": 0.7427772682305118,
    ""rmse"": 17.072375912247526
  }
}"
data\superconductivity\9\X_train.parquet,data\superconductivity\9\y_train.parquet,RandomForestRegressor,0.903687533,"{
  ""RandomForestRegressor"": {
    ""rank"": 1,
    ""r2_score"": 0.9036875330215058,
    ""rmse"": 10.728405815461686
  },
  ""LGBMRegressor"": {
    ""rank"": 2,
    ""r2_score"": 0.9034338823471031,
    ""rmse"": 10.742523811363057
  },
  ""HistGradientBoostingRegressor"": {
    ""rank"": 3,
    ""r2_score"": 0.9018757060103584,
    ""rmse"": 10.828846854442903
  },
  ""XGBRegressor"": {
    ""rank"": 4,
    ""r2_score"": 0.8966351423179475,
    ""rmse"": 11.11425597280758
  },
  ""GradientBoostingRegressor"": {
    ""rank"": 5,
    ""r2_score"": 0.8720829024702059,
    ""rmse"": 12.36397839816436
  },
  ""MLPRegressor"": {
    ""rank"": 6,
    ""r2_score"": 0.863452739211066,
    ""rmse"": 12.774250711330167
  },
  ""DecisionTreeRegressor"": {
    ""rank"": 7,
    ""r2_score"": 0.8355800942199687,
    ""rmse"": 14.017518463401595
  },
  ""SVR"": {
    ""rank"": 8,
    ""r2_score"": 0.7619515885947186,
    ""rmse"": 16.866562622323354
  },
  ""LinearRegression"": {
    ""rank"": 9,
    ""r2_score"": 0.7549472168079749,
    ""rmse"": 17.1129057712568
  },
  ""BayesianRidge"": {
    ""rank"": 10,
    ""r2_score"": 0.7545518028484719,
    ""rmse"": 17.126706786459074
  }
}"
data\superconductivity\10\X_train.parquet,data\superconductivity\10\y_train.parquet,RandomForestRegressor,0.916430046,"{
  ""RandomForestRegressor"": {
    ""rank"": 1,
    ""r2_score"": 0.9164300463045646,
    ""rmse"": 9.876723576877739
  },
  ""XGBRegressor"": {
    ""rank"": 2,
    ""r2_score"": 0.9123224166491748,
    ""rmse"": 10.116542348973708
  },
  ""LGBMRegressor"": {
    ""rank"": 3,
    ""r2_score"": 0.9118158987889394,
    ""rmse"": 10.145722156306975
  },
  ""HistGradientBoostingRegressor"": {
    ""rank"": 4,
    ""r2_score"": 0.9074219057725921,
    ""rmse"": 10.395417511454038
  },
  ""GradientBoostingRegressor"": {
    ""rank"": 5,
    ""r2_score"": 0.8779030959536683,
    ""rmse"": 11.938235571652509
  },
  ""MLPRegressor"": {
    ""rank"": 6,
    ""r2_score"": 0.8587516992651802,
    ""rmse"": 12.840426059312115
  },
  ""DecisionTreeRegressor"": {
    ""rank"": 7,
    ""r2_score"": 0.845061707440586,
    ""rmse"": 13.448294198135095
  },
  ""SVR"": {
    ""rank"": 8,
    ""r2_score"": 0.763329992874568,
    ""rmse"": 16.621087291622047
  },
  ""LinearRegression"": {
    ""rank"": 9,
    ""r2_score"": 0.758539093909341,
    ""rmse"": 16.78847434784262
  },
  ""BayesianRidge"": {
    ""rank"": 10,
    ""r2_score"": 0.75740859302684,
    ""rmse"": 16.827729609140324
  }
}"
data\wine_quality\1\X_train.parquet,data\wine_quality\1\y_train.parquet,RandomForestRegressor,0.51465663,"{
  ""RandomForestRegressor"": {
    ""rank"": 1,
    ""r2_score"": 0.5146566301873228,
    ""rmse"": 0.6150731941554314
  },
  ""XGBRegressor"": {
    ""rank"": 2,
    ""r2_score"": 0.48325449228286743,
    ""rmse"": 0.6346592740685544
  },
  ""LGBMRegressor"": {
    ""rank"": 3,
    ""r2_score"": 0.4651373160279909,
    ""rmse"": 0.645689017060436
  },
  ""HistGradientBoostingRegressor"": {
    ""rank"": 4,
    ""r2_score"": 0.45720694555204655,
    ""rmse"": 0.6504581963032702
  },
  ""GradientBoostingRegressor"": {
    ""rank"": 5,
    ""r2_score"": 0.38459232722382186,
    ""rmse"": 0.6926019388023094
  },
  ""SVR"": {
    ""rank"": 6,
    ""r2_score"": 0.36857139922593984,
    ""rmse"": 0.7015592810770732
  },
  ""MLPRegressor"": {
    ""rank"": 7,
    ""r2_score"": 0.3645710675529724,
    ""rmse"": 0.7037780900051096
  },
  ""BayesianRidge"": {
    ""rank"": 8,
    ""r2_score"": 0.3198078859728759,
    ""rmse"": 0.7281452920992275
  },
  ""LinearRegression"": {
    ""rank"": 9,
    ""r2_score"": 0.31491496196800706,
    ""rmse"": 0.7307595354276453
  },
  ""DecisionTreeRegressor"": {
    ""rank"": 10,
    ""r2_score"": -0.034508926788353156,
    ""rmse"": 0.8979855968324052
  }
}"
data\wine_quality\2\X_train.parquet,data\wine_quality\2\y_train.parquet,RandomForestRegressor,0.516266548,"{
  ""RandomForestRegressor"": {
    ""rank"": 1,
    ""r2_score"": 0.516266548175367,
    ""rmse"": 0.6140522263409357
  },
  ""XGBRegressor"": {
    ""rank"": 2,
    ""r2_score"": 0.49326419830322266,
    ""rmse"": 0.6284823440265912
  },
  ""LGBMRegressor"": {
    ""rank"": 3,
    ""r2_score"": 0.4922285693421553,
    ""rmse"": 0.6291241847400548
  },
  ""HistGradientBoostingRegressor"": {
    ""rank"": 4,
    ""r2_score"": 0.4812229319090091,
    ""rmse"": 0.6359055784187406
  },
  ""GradientBoostingRegressor"": {
    ""rank"": 5,
    ""r2_score"": 0.42342382624694885,
    ""rmse"": 0.6703947359849002
  },
  ""MLPRegressor"": {
    ""rank"": 6,
    ""r2_score"": 0.42170432890925713,
    ""rmse"": 0.6713936359157491
  },
  ""SVR"": {
    ""rank"": 7,
    ""r2_score"": 0.41572478201789165,
    ""rmse"": 0.6748557967722588
  },
  ""LinearRegression"": {
    ""rank"": 8,
    ""r2_score"": 0.334555769928332,
    ""rmse"": 0.7202082327031119
  },
  ""BayesianRidge"": {
    ""rank"": 9,
    ""r2_score"": 0.3342429479273896,
    ""rmse"": 0.7203774959551963
  },
  ""DecisionTreeRegressor"": {
    ""rank"": 10,
    ""r2_score"": 0.14375391087856626,
    ""rmse"": 0.8169614238807971
  }
}"
data\wine_quality\3\X_train.parquet,data\wine_quality\3\y_train.parquet,RandomForestRegressor,0.482273578,"{
  ""RandomForestRegressor"": {
    ""rank"": 1,
    ""r2_score"": 0.48227357843724605,
    ""rmse"": 0.6352613222983126
  },
  ""HistGradientBoostingRegressor"": {
    ""rank"": 2,
    ""r2_score"": 0.43594067319756724,
    ""rmse"": 0.663078035299628
  },
  ""XGBRegressor"": {
    ""rank"": 3,
    ""r2_score"": 0.4330158829689026,
    ""rmse"": 0.6647949667043457
  },
  ""LGBMRegressor"": {
    ""rank"": 4,
    ""r2_score"": 0.42452578906578275,
    ""rmse"": 0.6697537943171007
  },
  ""MLPRegressor"": {
    ""rank"": 5,
    ""r2_score"": 0.40509195912656626,
    ""rmse"": 0.6809687291767808
  },
  ""GradientBoostingRegressor"": {
    ""rank"": 6,
    ""r2_score"": 0.37230068124649063,
    ""rmse"": 0.6994844725298845
  },
  ""SVR"": {
    ""rank"": 7,
    ""r2_score"": 0.36262725207370006,
    ""rmse"": 0.7048537178705944
  },
  ""BayesianRidge"": {
    ""rank"": 8,
    ""r2_score"": 0.27712135788075476,
    ""rmse"": 0.7506456053020633
  },
  ""LinearRegression"": {
    ""rank"": 9,
    ""r2_score"": 0.276508524448419,
    ""rmse"": 0.7509637245820867
  },
  ""DecisionTreeRegressor"": {
    ""rank"": 10,
    ""r2_score"": 0.11745283646869287,
    ""rmse"": 0.8294137128487227
  }
}"
data\wine_quality\4\X_train.parquet,data\wine_quality\4\y_train.parquet,RandomForestRegressor,0.452930848,"{
  ""RandomForestRegressor"": {
    ""rank"": 1,
    ""r2_score"": 0.4529308479881171,
    ""rmse"": 0.6542790638512572
  },
  ""HistGradientBoostingRegressor"": {
    ""rank"": 2,
    ""r2_score"": 0.4376387435977419,
    ""rmse"": 0.6633604982198305
  },
  ""LGBMRegressor"": {
    ""rank"": 3,
    ""r2_score"": 0.42227668547872654,
    ""rmse"": 0.672359982843464
  },
  ""XGBRegressor"": {
    ""rank"": 4,
    ""r2_score"": 0.4039130210876465,
    ""rmse"": 0.6829623112563746
  },
  ""MLPRegressor"": {
    ""rank"": 5,
    ""r2_score"": 0.37921747802735195,
    ""rmse"": 0.6969660935686978
  },
  ""GradientBoostingRegressor"": {
    ""rank"": 6,
    ""r2_score"": 0.37722602915231573,
    ""rmse"": 0.6980831200102855
  },
  ""SVR"": {
    ""rank"": 7,
    ""r2_score"": 0.3611677568163817,
    ""rmse"": 0.7070259014629836
  },
  ""BayesianRidge"": {
    ""rank"": 8,
    ""r2_score"": 0.25375099293564274,
    ""rmse"": 0.7641591073567928
  },
  ""LinearRegression"": {
    ""rank"": 9,
    ""r2_score"": 0.2527622548338776,
    ""rmse"": 0.764665173775203
  },
  ""DecisionTreeRegressor"": {
    ""rank"": 10,
    ""r2_score"": 0.07137078592079804,
    ""rmse"": 0.8524385494789717
  }
}"
data\wine_quality\5\X_train.parquet,data\wine_quality\5\y_train.parquet,RandomForestRegressor,0.459924017,"{
  ""RandomForestRegressor"": {
    ""rank"": 1,
    ""r2_score"": 0.45992401671874805,
    ""rmse"": 0.6519820839664321
  },
  ""HistGradientBoostingRegressor"": {
    ""rank"": 2,
    ""r2_score"": 0.4265519145030442,
    ""rmse"": 0.6718236418570125
  },
  ""GradientBoostingRegressor"": {
    ""rank"": 3,
    ""r2_score"": 0.4146620085068452,
    ""rmse"": 0.6787527243827796
  },
  ""LGBMRegressor"": {
    ""rank"": 4,
    ""r2_score"": 0.40528561435301613,
    ""rmse"": 0.6841675175508489
  },
  ""MLPRegressor"": {
    ""rank"": 5,
    ""r2_score"": 0.3909310575834968,
    ""rmse"": 0.6923751249857439
  },
  ""SVR"": {
    ""rank"": 6,
    ""r2_score"": 0.37793009364542984,
    ""rmse"": 0.6997257001234573
  },
  ""XGBRegressor"": {
    ""rank"": 7,
    ""r2_score"": 0.3728148341178894,
    ""rmse"": 0.7025966990766617
  },
  ""LinearRegression"": {
    ""rank"": 8,
    ""r2_score"": 0.29957417541590714,
    ""rmse"": 0.7424877696675743
  },
  ""BayesianRidge"": {
    ""rank"": 9,
    ""r2_score"": 0.2992130462862743,
    ""rmse"": 0.7426791528233989
  },
  ""DecisionTreeRegressor"": {
    ""rank"": 10,
    ""r2_score"": -0.05925398520628122,
    ""rmse"": 0.9130788487609762
  }
}"
data\wine_quality\6\X_train.parquet,data\wine_quality\6\y_train.parquet,RandomForestRegressor,0.509899543,"{
  ""RandomForestRegressor"": {
    ""rank"": 1,
    ""r2_score"": 0.5098995433292726,
    ""rmse"": 0.6126721172761751
  },
  ""XGBRegressor"": {
    ""rank"": 2,
    ""r2_score"": 0.46554940938949585,
    ""rmse"": 0.6397928322454642
  },
  ""LGBMRegressor"": {
    ""rank"": 3,
    ""r2_score"": 0.4640915059229701,
    ""rmse"": 0.6406648287707528
  },
  ""HistGradientBoostingRegressor"": {
    ""rank"": 4,
    ""r2_score"": 0.4417604741639646,
    ""rmse"": 0.6538766877982349
  },
  ""SVR"": {
    ""rank"": 5,
    ""r2_score"": 0.4025224838447138,
    ""rmse"": 0.6764665803005263
  },
  ""MLPRegressor"": {
    ""rank"": 6,
    ""r2_score"": 0.39819811972195507,
    ""rmse"": 0.6789101984364291
  },
  ""GradientBoostingRegressor"": {
    ""rank"": 7,
    ""r2_score"": 0.38625971303688855,
    ""rmse"": 0.6856111604491656
  },
  ""LinearRegression"": {
    ""rank"": 8,
    ""r2_score"": 0.31750317661295524,
    ""rmse"": 0.7229959751170753
  },
  ""BayesianRidge"": {
    ""rank"": 9,
    ""r2_score"": 0.31656197710357525,
    ""rmse"": 0.723494328361837
  },
  ""DecisionTreeRegressor"": {
    ""rank"": 10,
    ""r2_score"": 0.06696249310910407,
    ""rmse"": 0.8453471902988255
  }
}"
data\wine_quality\7\X_train.parquet,data\wine_quality\7\y_train.parquet,RandomForestRegressor,0.493514749,"{
  ""RandomForestRegressor"": {
    ""rank"": 1,
    ""r2_score"": 0.49351474889915803,
    ""rmse"": 0.6228291981319294
  },
  ""HistGradientBoostingRegressor"": {
    ""rank"": 2,
    ""r2_score"": 0.428620917990734,
    ""rmse"": 0.6615272383125249
  },
  ""LGBMRegressor"": {
    ""rank"": 3,
    ""r2_score"": 0.4209440008517612,
    ""rmse"": 0.6659564738606238
  },
  ""XGBRegressor"": {
    ""rank"": 4,
    ""r2_score"": 0.41532468795776367,
    ""rmse"": 0.6691800116478706
  },
  ""GradientBoostingRegressor"": {
    ""rank"": 5,
    ""r2_score"": 0.38712482335027365,
    ""rmse"": 0.6851277813551638
  },
  ""SVR"": {
    ""rank"": 6,
    ""r2_score"": 0.3689888232782855,
    ""rmse"": 0.6951909155234647
  },
  ""MLPRegressor"": {
    ""rank"": 7,
    ""r2_score"": 0.364109846361531,
    ""rmse"": 0.6978733476203455
  },
  ""BayesianRidge"": {
    ""rank"": 8,
    ""r2_score"": 0.2793308588343062,
    ""rmse"": 0.7429396305417317
  },
  ""LinearRegression"": {
    ""rank"": 9,
    ""r2_score"": 0.27834173488812675,
    ""rmse"": 0.7434493009022508
  },
  ""DecisionTreeRegressor"": {
    ""rank"": 10,
    ""r2_score"": -0.0015993684196198288,
    ""rmse"": 0.8758557459257962
  }
}"
data\wine_quality\8\X_train.parquet,data\wine_quality\8\y_train.parquet,RandomForestRegressor,0.462669126,"{
  ""RandomForestRegressor"": {
    ""rank"": 1,
    ""r2_score"": 0.4626691258999509,
    ""rmse"": 0.6369927922289217
  },
  ""HistGradientBoostingRegressor"": {
    ""rank"": 2,
    ""r2_score"": 0.43046793879435397,
    ""rmse"": 0.6558019584167866
  },
  ""XGBRegressor"": {
    ""rank"": 3,
    ""r2_score"": 0.4259490966796875,
    ""rmse"": 0.6583985171661736
  },
  ""LGBMRegressor"": {
    ""rank"": 4,
    ""r2_score"": 0.4258266095001705,
    ""rmse"": 0.658468723764127
  },
  ""GradientBoostingRegressor"": {
    ""rank"": 5,
    ""r2_score"": 0.3963703571717978,
    ""rmse"": 0.6751478671801501
  },
  ""SVR"": {
    ""rank"": 6,
    ""r2_score"": 0.3802542558269104,
    ""rmse"": 0.6841012708375512
  },
  ""MLPRegressor"": {
    ""rank"": 7,
    ""r2_score"": 0.3422737722038235,
    ""rmse"": 0.7047518114137034
  },
  ""LinearRegression"": {
    ""rank"": 8,
    ""r2_score"": 0.2948586402738579,
    ""rmse"": 0.7297123810782471
  },
  ""BayesianRidge"": {
    ""rank"": 9,
    ""r2_score"": 0.2941005138777685,
    ""rmse"": 0.7301045475524421
  },
  ""DecisionTreeRegressor"": {
    ""rank"": 10,
    ""r2_score"": -0.03098661549399817,
    ""rmse"": 0.8823484644885988
  }
}"
data\wine_quality\9\X_train.parquet,data\wine_quality\9\y_train.parquet,RandomForestRegressor,0.543283476,"{
  ""RandomForestRegressor"": {
    ""rank"": 1,
    ""r2_score"": 0.5432834758339007,
    ""rmse"": 0.591371171950154
  },
  ""LGBMRegressor"": {
    ""rank"": 2,
    ""r2_score"": 0.5060941726249708,
    ""rmse"": 0.6149769843475811
  },
  ""XGBRegressor"": {
    ""rank"": 3,
    ""r2_score"": 0.49783068895339966,
    ""rmse"": 0.6201002223780478
  },
  ""HistGradientBoostingRegressor"": {
    ""rank"": 4,
    ""r2_score"": 0.4858419523849884,
    ""rmse"": 0.6274586435290234
  },
  ""SVR"": {
    ""rank"": 5,
    ""r2_score"": 0.4369608553227071,
    ""rmse"": 0.6566078676624142
  },
  ""GradientBoostingRegressor"": {
    ""rank"": 6,
    ""r2_score"": 0.43321778565003477,
    ""rmse"": 0.6587868083375117
  },
  ""MLPRegressor"": {
    ""rank"": 7,
    ""r2_score"": 0.43115793545284287,
    ""rmse"": 0.6599828333747271
  },
  ""LinearRegression"": {
    ""rank"": 8,
    ""r2_score"": 0.3337653619474067,
    ""rmse"": 0.7142502342925147
  },
  ""BayesianRidge"": {
    ""rank"": 9,
    ""r2_score"": 0.3331824067905226,
    ""rmse"": 0.714562650362801
  },
  ""DecisionTreeRegressor"": {
    ""rank"": 10,
    ""r2_score"": 0.03991831177671901,
    ""rmse"": 0.8574146122801957
  }
}"
data\wine_quality\10\X_train.parquet,data\wine_quality\10\y_train.parquet,RandomForestRegressor,0.46139954,"{
  ""RandomForestRegressor"": {
    ""rank"": 1,
    ""r2_score"": 0.46139953982300896,
    ""rmse"": 0.6421997726137915
  },
  ""LGBMRegressor"": {
    ""rank"": 2,
    ""r2_score"": 0.4433238051179017,
    ""rmse"": 0.6528871370685828
  },
  ""XGBRegressor"": {
    ""rank"": 3,
    ""r2_score"": 0.4365693926811218,
    ""rmse"": 0.6568360890443045
  },
  ""HistGradientBoostingRegressor"": {
    ""rank"": 4,
    ""r2_score"": 0.4360364139434133,
    ""rmse"": 0.6571466814729864
  },
  ""MLPRegressor"": {
    ""rank"": 5,
    ""r2_score"": 0.41943617236425623,
    ""rmse"": 0.6667480805033305
  },
  ""GradientBoostingRegressor"": {
    ""rank"": 6,
    ""r2_score"": 0.38223584296118096,
    ""rmse"": 0.6877777796392385
  },
  ""SVR"": {
    ""rank"": 7,
    ""r2_score"": 0.3764959942666002,
    ""rmse"": 0.6909655761177452
  },
  ""LinearRegression"": {
    ""rank"": 8,
    ""r2_score"": 0.33624928959437916,
    ""rmse"": 0.712917518660038
  },
  ""BayesianRidge"": {
    ""rank"": 9,
    ""r2_score"": 0.3350258168497944,
    ""rmse"": 0.7135742664179123
  },
  ""DecisionTreeRegressor"": {
    ""rank"": 10,
    ""r2_score"": 0.05184479237576589,
    ""rmse"": 0.8520724131552869
  }
}"
data\yprop_4_1\1\X_train.parquet,data\yprop_4_1\1\y_train.parquet,HistGradientBoostingRegressor,0.083717436,"{
  ""HistGradientBoostingRegressor"": {
    ""rank"": 1,
    ""r2_score"": 0.08371743612929905,
    ""rmse"": 0.025950328271631712
  },
  ""GradientBoostingRegressor"": {
    ""rank"": 2,
    ""r2_score"": 0.08270193547467886,
    ""rmse"": 0.02596470444711502
  },
  ""RandomForestRegressor"": {
    ""rank"": 3,
    ""r2_score"": 0.0809998159546248,
    ""rmse"": 0.025988783069501312
  },
  ""LGBMRegressor"": {
    ""rank"": 4,
    ""r2_score"": 0.07584856226723347,
    ""rmse"": 0.026061518494050574
  },
  ""BayesianRidge"": {
    ""rank"": 5,
    ""r2_score"": 0.04433001526884095,
    ""rmse"": 0.026502211645145102
  },
  ""LinearRegression"": {
    ""rank"": 6,
    ""r2_score"": 0.0377276514495426,
    ""rmse"": 0.02659360097021531
  },
  ""XGBRegressor"": {
    ""rank"": 7,
    ""r2_score"": 0.009931312035285855,
    ""rmse"": 0.02697495989699277
  },
  ""SVR"": {
    ""rank"": 8,
    ""r2_score"": -0.29520002420386193,
    ""rmse"": 0.03085294086680113
  },
  ""DecisionTreeRegressor"": {
    ""rank"": 9,
    ""r2_score"": -0.9287315667623917,
    ""rmse"": 0.03764991838402509
  }
}"
data\yprop_4_1\2\X_train.parquet,data\yprop_4_1\2\y_train.parquet,RandomForestRegressor,0.114744052,"{
  ""RandomForestRegressor"": {
    ""rank"": 1,
    ""r2_score"": 0.11474405174250979,
    ""rmse"": 0.02716396693989753
  },
  ""HistGradientBoostingRegressor"": {
    ""rank"": 2,
    ""r2_score"": 0.08415534901704125,
    ""rmse"": 0.027629286706879044
  },
  ""GradientBoostingRegressor"": {
    ""rank"": 3,
    ""r2_score"": 0.07360423142471706,
    ""rmse"": 0.027787984489726615
  },
  ""LGBMRegressor"": {
    ""rank"": 4,
    ""r2_score"": 0.07187176561136532,
    ""rmse"": 0.02781395570428211
  },
  ""BayesianRidge"": {
    ""rank"": 5,
    ""r2_score"": 0.04960984615589037,
    ""rmse"": 0.02814554940750006
  },
  ""LinearRegression"": {
    ""rank"": 6,
    ""r2_score"": 0.04201907329626975,
    ""rmse"": 0.02825772521650646
  },
  ""XGBRegressor"": {
    ""rank"": 7,
    ""r2_score"": 0.025663425400611062,
    ""rmse"": 0.0284979269663361
  },
  ""SVR"": {
    ""rank"": 8,
    ""r2_score"": -0.3685002783677853,
    ""rmse"": 0.033773899870295776
  },
  ""DecisionTreeRegressor"": {
    ""rank"": 9,
    ""r2_score"": -0.5491247749273451,
    ""rmse"": 0.035933702363467226
  }
}"
data\yprop_4_1\3\X_train.parquet,data\yprop_4_1\3\y_train.parquet,RandomForestRegressor,0.103728138,"{
  ""RandomForestRegressor"": {
    ""rank"": 1,
    ""r2_score"": 0.10372813760028288,
    ""rmse"": 0.02693133846630575
  },
  ""LGBMRegressor"": {
    ""rank"": 2,
    ""r2_score"": 0.0802852799622128,
    ""rmse"": 0.02728127262561413
  },
  ""GradientBoostingRegressor"": {
    ""rank"": 3,
    ""r2_score"": 0.06764286037668843,
    ""rmse"": 0.027468137155206736
  },
  ""HistGradientBoostingRegressor"": {
    ""rank"": 4,
    ""r2_score"": 0.06723507244731186,
    ""rmse"": 0.027474143410638814
  },
  ""BayesianRidge"": {
    ""rank"": 5,
    ""r2_score"": 0.03149999174015505,
    ""rmse"": 0.027995476975951603
  },
  ""LinearRegression"": {
    ""rank"": 6,
    ""r2_score"": 0.02734295996242231,
    ""rmse"": 0.02805549425686675
  },
  ""XGBRegressor"": {
    ""rank"": 7,
    ""r2_score"": -0.03507171591563085,
    ""rmse"": 0.028941649357331543
  },
  ""SVR"": {
    ""rank"": 8,
    ""r2_score"": -0.3869091363917314,
    ""rmse"": 0.03350133097048092
  },
  ""DecisionTreeRegressor"": {
    ""rank"": 9,
    ""r2_score"": -0.8388293784501115,
    ""rmse"": 0.038575252165722745
  }
}"
data\yprop_4_1\4\X_train.parquet,data\yprop_4_1\4\y_train.parquet,RandomForestRegressor,0.122432685,"{
  ""RandomForestRegressor"": {
    ""rank"": 1,
    ""r2_score"": 0.1224326853355645,
    ""rmse"": 0.02697749762786184
  },
  ""LGBMRegressor"": {
    ""rank"": 2,
    ""r2_score"": 0.10891663442618205,
    ""rmse"": 0.027184453809074853
  },
  ""HistGradientBoostingRegressor"": {
    ""rank"": 3,
    ""r2_score"": 0.10076543171978702,
    ""rmse"": 0.027308505926969
  },
  ""GradientBoostingRegressor"": {
    ""rank"": 4,
    ""r2_score"": 0.0866471106270218,
    ""rmse"": 0.027522047928307432
  },
  ""LinearRegression"": {
    ""rank"": 5,
    ""r2_score"": 0.0694450539343362,
    ""rmse"": 0.027780013613802276
  },
  ""BayesianRidge"": {
    ""rank"": 6,
    ""r2_score"": 0.06924068917329484,
    ""rmse"": 0.02778306391416233
  },
  ""XGBRegressor"": {
    ""rank"": 7,
    ""r2_score"": -0.01797218886665064,
    ""rmse"": 0.029055570016512492
  },
  ""SVR"": {
    ""rank"": 8,
    ""r2_score"": -0.47827579650577046,
    ""rmse"": 0.035013794339184376
  },
  ""DecisionTreeRegressor"": {
    ""rank"": 9,
    ""r2_score"": -0.6477465598622696,
    ""rmse"": 0.036966356723910125
  }
}"
data\yprop_4_1\5\X_train.parquet,data\yprop_4_1\5\y_train.parquet,LGBMRegressor,0.058783153,"{
  ""LGBMRegressor"": {
    ""rank"": 1,
    ""r2_score"": 0.05878315336327089,
    ""rmse"": 0.02813051671952827
  },
  ""HistGradientBoostingRegressor"": {
    ""rank"": 2,
    ""r2_score"": 0.05235492827309263,
    ""rmse"": 0.028226414700743364
  },
  ""GradientBoostingRegressor"": {
    ""rank"": 3,
    ""r2_score"": 0.0518795792343022,
    ""rmse"": 0.0282334931509672
  },
  ""BayesianRidge"": {
    ""rank"": 4,
    ""r2_score"": 0.04858494214800091,
    ""rmse"": 0.028282505092548312
  },
  ""RandomForestRegressor"": {
    ""rank"": 5,
    ""r2_score"": 0.04157220642284831,
    ""rmse"": 0.0283865467480166
  },
  ""LinearRegression"": {
    ""rank"": 6,
    ""r2_score"": 0.03554528538493473,
    ""rmse"": 0.028475659022021184
  },
  ""XGBRegressor"": {
    ""rank"": 7,
    ""r2_score"": -0.23283830662711558,
    ""rmse"": 0.032194814255424115
  },
  ""SVR"": {
    ""rank"": 8,
    ""r2_score"": -0.34949580680611403,
    ""rmse"": 0.033683610240228104
  }
}"
data\yprop_4_1\6\X_train.parquet,data\yprop_4_1\6\y_train.parquet,GradientBoostingRegressor,0.036474712,"{
  ""BayesianRidge"": {
    ""rank"": 1,
    ""r2_score"": 0.03647471180659412,
    ""rmse"": 0.026746871262562415
  },
  ""LinearRegression"": {
    ""rank"": 2,
    ""r2_score"": 0.032913737157587275,
    ""rmse"": 0.02679625091710108
  },
  ""GradientBoostingRegressor"": {
    ""rank"": 3,
    ""r2_score"": 0.020261522768919127,
    ""rmse"": 0.0269709665789559
  },
  ""LGBMRegressor"": {
    ""rank"": 4,
    ""r2_score"": 0.013578894130581443,
    ""rmse"": 0.027062792438712874
  },
  ""RandomForestRegressor"": {
    ""rank"": 5,
    ""r2_score"": -0.000292985485687014,
    ""rmse"": 0.02725241792287946
  },
  ""HistGradientBoostingRegressor"": {
    ""rank"": 6,
    ""r2_score"": -0.00417321197216225,
    ""rmse"": 0.027305224053016417
  },
  ""XGBRegressor"": {
    ""rank"": 7,
    ""r2_score"": -0.06925367881639088,
    ""rmse"": 0.0281761600284506
  },
  ""SVR"": {
    ""rank"": 8,
    ""r2_score"": -0.35959795334008504,
    ""rmse"": 0.03177215552366617
  },
  ""DecisionTreeRegressor"": {
    ""rank"": 9,
    ""r2_score"": -0.8955488038777175,
    ""rmse"": 0.03751534234245778
  }
}"
data\yprop_4_1\7\X_train.parquet,data\yprop_4_1\7\y_train.parquet,HistGradientBoostingRegressor,0.127870158,"{
  ""HistGradientBoostingRegressor"": {
    ""rank"": 1,
    ""r2_score"": 0.12787015836909832,
    ""rmse"": 0.027658015656298048
  },
  ""LGBMRegressor"": {
    ""rank"": 2,
    ""r2_score"": 0.11656717991072729,
    ""rmse"": 0.0278366654131121
  },
  ""GradientBoostingRegressor"": {
    ""rank"": 3,
    ""r2_score"": 0.09137852021316106,
    ""rmse"": 0.028230719330583447
  },
  ""RandomForestRegressor"": {
    ""rank"": 4,
    ""r2_score"": 0.08290987381228132,
    ""rmse"": 0.02836197392865805
  },
  ""BayesianRidge"": {
    ""rank"": 5,
    ""r2_score"": 0.06692142876383778,
    ""rmse"": 0.02860813539205161
  },
  ""LinearRegression"": {
    ""rank"": 6,
    ""r2_score"": 0.06669622511984064,
    ""rmse"": 0.028611587549158806
  },
  ""XGBRegressor"": {
    ""rank"": 7,
    ""r2_score"": -0.014771849550863525,
    ""rmse"": 0.029834217407428594
  },
  ""SVR"": {
    ""rank"": 8,
    ""r2_score"": -0.3649399792249841,
    ""rmse"": 0.03460088618142455
  },
  ""DecisionTreeRegressor"": {
    ""rank"": 9,
    ""r2_score"": -0.8336562447118125,
    ""rmse"": 0.040104158271594026
  }
}"
data\yprop_4_1\8\X_train.parquet,data\yprop_4_1\8\y_train.parquet,RandomForestRegressor,0.09933355,"{
  ""RandomForestRegressor"": {
    ""rank"": 1,
    ""r2_score"": 0.0993335501370829,
    ""rmse"": 0.026465964715582026
  },
  ""LGBMRegressor"": {
    ""rank"": 2,
    ""r2_score"": 0.06386494837797774,
    ""rmse"": 0.026982052926915034
  },
  ""GradientBoostingRegressor"": {
    ""rank"": 3,
    ""r2_score"": 0.05967827950411131,
    ""rmse"": 0.02704232142106886
  },
  ""HistGradientBoostingRegressor"": {
    ""rank"": 4,
    ""r2_score"": 0.0557112452526799,
    ""rmse"": 0.02709930452853576
  },
  ""BayesianRidge"": {
    ""rank"": 5,
    ""r2_score"": 0.0501623728522147,
    ""rmse"": 0.02717880898375335
  },
  ""LinearRegression"": {
    ""rank"": 6,
    ""r2_score"": 0.03903407401678538,
    ""rmse"": 0.027337558839512235
  },
  ""XGBRegressor"": {
    ""rank"": 7,
    ""r2_score"": -0.04033164178070825,
    ""rmse"": 0.02844406355468674
  },
  ""SVR"": {
    ""rank"": 8,
    ""r2_score"": -0.3871627359256715,
    ""rmse"": 0.03284501338999969
  },
  ""DecisionTreeRegressor"": {
    ""rank"": 9,
    ""r2_score"": -0.8182413733558334,
    ""rmse"": 0.0376037800977365
  }
}"
data\yprop_4_1\9\X_train.parquet,data\yprop_4_1\9\y_train.parquet,LGBMRegressor,0.126732961,"{
  ""LGBMRegressor"": {
    ""rank"": 1,
    ""r2_score"": 0.1267329608722746,
    ""rmse"": 0.02657836524311172
  },
  ""RandomForestRegressor"": {
    ""rank"": 2,
    ""r2_score"": 0.09967507661670527,
    ""rmse"": 0.02698698498773249
  },
  ""HistGradientBoostingRegressor"": {
    ""rank"": 3,
    ""r2_score"": 0.09709458621821032,
    ""rmse"": 0.027025632050215007
  },
  ""BayesianRidge"": {
    ""rank"": 4,
    ""r2_score"": 0.07404368711461373,
    ""rmse"": 0.02736843597999037
  },
  ""LinearRegression"": {
    ""rank"": 5,
    ""r2_score"": 0.07341490061300104,
    ""rmse"": 0.027377726905688713
  },
  ""XGBRegressor"": {
    ""rank"": 6,
    ""r2_score"": -0.17569880331472065,
    ""rmse"": 0.030839176260310477
  },
  ""SVR"": {
    ""rank"": 7,
    ""r2_score"": -0.31271559841683305,
    ""rmse"": 0.032586675356965904
  },
  ""GradientBoostingRegressor"": {
    ""rank"": 8,
    ""r2_score"": -0.4012820937006334,
    ""rmse"": 0.033668015411313916
  },
  ""DecisionTreeRegressor"": {
    ""rank"": 9,
    ""r2_score"": -0.7829012160959106,
    ""rmse"": 0.03797680037296319
  }
}"
data\yprop_4_1\10\X_train.parquet,data\yprop_4_1\10\y_train.parquet,GradientBoostingRegressor,0.010347846,"{
  ""GradientBoostingRegressor"": {
    ""rank"": 1,
    ""r2_score"": 0.010347846021692253,
    ""rmse"": 0.041927039934420214
  },
  ""HistGradientBoostingRegressor"": {
    ""rank"": 2,
    ""r2_score"": 0.01028569702199511,
    ""rmse"": 0.04192835639832822
  },
  ""RandomForestRegressor"": {
    ""rank"": 3,
    ""r2_score"": 0.005434781266369204,
    ""rmse"": 0.04203098314195805
  },
  ""LGBMRegressor"": {
    ""rank"": 4,
    ""r2_score"": 0.0020079231776570783,
    ""rmse"": 0.04210333151823092
  },
  ""BayesianRidge"": {
    ""rank"": 5,
    ""r2_score"": 0.00013222853063854512,
    ""rmse"": 0.04214287888709301
  },
  ""SVR"": {
    ""rank"": 6,
    ""r2_score"": -0.007909536814692197,
    ""rmse"": 0.04231201346882446
  },
  ""LinearRegression"": {
    ""rank"": 7,
    ""r2_score"": -0.010986289511350167,
    ""rmse"": 0.04237654525380314
  },
  ""XGBRegressor"": {
    ""rank"": 8,
    ""r2_score"": -0.0528837690495918,
    ""rmse"": 0.04324571983080122
  },
  ""DecisionTreeRegressor"": {
    ""rank"": 9,
    ""r2_score"": -0.30553879580399235,
    ""rmse"": 0.04815571172801092
  }
}"
